TransactionID;Date;Ticker;Quantity;Price;GrossAmount;Fees;NetAmount;AbsoluteAmount;FeePct;TransactionType;Strategy
c5c6e9fb-bb08-4fbd-b06e-e303d9d90fb8;2020-01-01;BTC;0,006944;7200,17;50,0;0,25;49,75;50,0;0,005;Buy;DCA
a65004f8-38d9-44fe-8ed3-8e84f04a16f0;2020-01-01;EEM;0,623597;40,09;25,0;0,12;24,88;25,0;0,005;Buy;DCA
21a75059-01f7-4d8e-ae2b-b847dfd1e59f;2020-01-01;URTH;0,55371;90,3;50,0;0,25;49,75;50,0;0,005;Buy;DCA
7cb498e1-ffbc-4797-8ada-dfa518c73f40;2020-01-14;GLD;0,248974;145,69;36,27;0,18;36,09;36,27;0,005;Buy;Manual
d0415d39-fc53-4e9f-9752-b1abb0956693;2020-01-15;BABA;0,437487;213,74;93,51;0,47;93,04;93,51;0,005;Buy;Manual
6c3bb3db-dc7b-41e6-b91c-d2c84d34ef49;2020-01-21;SLV;2,717464;16,64;45,22;0,23;44,99;45,22;0,005;Buy;Manual
46a78c9e-3ace-4c37-9ab5-b944a71e0210;2020-02-01;BTC;0,005323;9392,88;50,0;0,25;49,75;50,0;0,005;Buy;DCA
74b34450-1d07-4f26-8615-0cb564645f87;2020-02-01;EEM;0,678058;36,87;25,0;0,13;24,88;25,0;0,005;Buy;DCA
e7640618-9f98-49b9-8aad-6fcc1c9524f5;2020-02-01;URTH;0,563952;88,66;50,0;0,25;49,75;50,0;0,005;Buy;DCA
337f0d10-9d94-4023-adf3-264eb36cd378;2020-02-05;BABA;0,298539;209,14;62,44;0,31;62,12;62,44;0,005;Buy;Manual
d4aab580-3244-41d6-a87d-1fda2b137d8e;2020-03-01;URTH;0,614628;81,35;50,0;0,25;49,75;50,0;0,005;Buy;DCA
d71fd36b-10c1-49cd-a554-d207856ca1ac;2020-03-01;EEM;0,704622;35,48;25,0;0,13;24,88;25,0;0,005;Buy;DCA
aa759e91-83f8-4ee4-b155-ad0d9cc9396f;2020-03-01;BTC;0,005839;8562,45;50,0;0,25;49,75;50,0;0,005;Buy;DCA
498eb216-fa2a-493d-81cf-eff7cc81056c;2020-03-01;BTC;0,004299;8562,45;36,81;0,18;36,62;36,81;0,005;Buy;Manual
af37334a-8d23-4d9c-9963-d3c1add6e3e4;2020-03-12;MSFT;0,294172;132,4;38,95;0,19;38,75;38,95;0,005;Buy;Manual
98212904-f967-442b-999b-c851c4ce0b52;2020-03-31;SLV;7,60499;13,05;99,25;0,5;98,75;99,25;0,005;Buy;Manual
14567f97-1df9-412b-bf61-c8d71d495e9a;2020-04-01;EEM;0,87382;28,61;25,0;0,12;24,88;25,0;0,005;Buy;DCA
b0bb9590-cdba-4acc-8bda-f425c604266d;2020-04-01;URTH;0,740741;67,5;50,0;0,25;49,75;50,0;0,005;Buy;DCA
6b74342e-62ec-4dff-9e21-fb8efad701a3;2020-04-01;BTC;0,007568;6606,78;50,0;0,25;49,75;50,0;0,005;Buy;DCA
fe35f596-00eb-4695-bb31-46e0f198cad3;2020-04-03;VOO;0,266247;209,39;55,75;0,28;55,47;55,75;0,005;Buy;Manual
668253b4-5ec5-44c0-bf8c-f3b55e559c5e;2020-04-06;MSFT;0,598758;157,35;94,21;0,47;93,74;94,21;0,005;Buy;Manual
4c8defc5-dcb3-4c42-92a3-f30040db00e4;2020-04-25;GLD;0,153935;162,64;25,04;0,13;24,91;25,04;0,005;Buy;Manual
dc24824e-e0d8-4c2b-a5e8-221bbaf1ac39;2020-05-01;BTC;0,00564;8864,77;50,0;0,25;49,75;50,0;0,005;Buy;DCA
78dc6a14-3b5b-47c1-8e8c-c8c5bc96d7ed;2020-05-01;URTH;0,65505;76,33;50,0;0,25;49,75;50,0;0,005;Buy;DCA
4852f539-de7f-4b43-8120-16e7e631659c;2020-05-01;EEM;0,808277;30,93;25,0;0,12;24,88;25,0;0,005;Buy;DCA
199c5716-c6c3-4c9b-b055-b5d1708e6231;2020-05-06;MSFT;0,494009;173,79;85,85;0,43;85,42;85,85;0,005;Buy;Manual
c93db560-27d3-4c56-b030-9e2536f31963;2020-06-01;EEM;0,739645;33,8;25,0;0,12;24,88;25,0;0,005;Buy;DCA
e2e119b6-c866-4452-80d9-381ec9fd89a5;2020-06-01;URTH;0,601251;83,16;50,0;0,25;49,75;50,0;0,005;Buy;DCA
1e3b2763-8ff7-4240-8f0c-789cfc5eba5a;2020-06-01;BTC;0,004918;10167,27;50,0;0,25;49,75;50,0;0,005;Buy;DCA
5f8372d3-48b0-4bb1-9a5a-214848779450;2020-06-04;EEM;-1,057818;34,91;-36,93;0,18;-37,11;36,93;0,005;Sell;Manual
789fe1ca-12d5-4d68-bd49-deecbd2bb2d3;2020-06-12;SLV;5,703516;16,28;92,85;0,46;92,39;92,85;0,005;Buy;Manual
98f97d9f-dafb-49fa-9601-aad5211ea98a;2020-06-23;GOOGL;0,308999;72,65;22,45;0,11;22,34;22,45;0,005;Buy;Manual
503fe058-2b0a-4c9c-b6d4-6b87a833cc15;2020-06-26;URTH;0,722474;82,63;59,7;0,3;59,4;59,7;0,005;Buy;Manual
2c9be88b-2753-4b89-83aa-cc1217e1056b;2020-07-01;BTC;0,005418;9228,33;50,0;0,25;49,75;50,0;0,005;Buy;DCA
b9ea64a8-6fd5-49b5-a93e-3a4cf1d3f9c5;2020-07-01;EEM;0,701853;35,62;25,0;0,12;24,88;25,0;0,005;Buy;DCA
e43e76a5-dd3c-4266-8649-7446acce7576;2020-07-01;URTH;0,588789;84,92;50,0;0,25;49,75;50,0;0,005;Buy;DCA
11b303e9-0868-42fb-b3a6-eb97592f7e42;2020-07-11;BTC;-0,002792;9240,35;-25,8;0,13;-25,93;25,8;0,005;Sell;Manual
9ace9d51-efb1-4439-961b-995814f5af7c;2020-07-19;EEM;-1,16528;37,67;-43,9;0,22;-44,12;43,9;0,005;Sell;Manual
044fd40b-0e5e-4811-807b-9f468acf8e6d;2020-07-20;BABA;0,407064;241,99;98,51;0,49;98,01;98,51;0,005;Buy;Manual
3d48f1cd-52e2-4f55-a469-68061b4adda0;2020-07-25;MSFT;0,216986;192,19;41,7;0,21;41,49;41,7;0,005;Buy;Manual
579ea71f-e4d3-448a-a74a-a2cab2257e35;2020-07-31;BTC;0,00255;11323,47;28,88;0,14;28,73;28,88;0,005;Buy;Manual
d47d05b5-a305-4135-bb80-d9224390891b;2020-08-01;EEM;0,655652;38,13;25,0;0,12;24,88;25,0;0,005;Buy;DCA
b7c3b987-3d29-471b-9756-9e52c430a6a2;2020-08-01;BTC;0,004252;11759,59;50,0;0,25;49,75;50,0;0,005;Buy;DCA
96ae7bf8-bab7-40f0-ace0-a4d2c8b905d9;2020-08-01;URTH;0,564525;88,57;50,0;0,25;49,75;50,0;0,005;Buy;DCA
018b3a84-3e2c-4d10-8ca1-8a72d8f96948;2020-08-09;MSFT;0,248431;202,86;50,4;0,25;50,14;50,4;0,005;Buy;Manual
8251e7df-8cc8-4d08-a66e-fa456279c878;2020-08-27;URTH;0,378129;94,13;35,59;0,18;35,42;35,59;0,005;Buy;Manual
6c18aa3b-427d-4aa1-ab1d-b7e8753365a8;2020-08-29;BABA;0,32431;274,46;89,01;0,45;88,56;89,01;0,005;Buy;Manual
10de5605-1c07-43f5-8d69-711848a9c209;2020-09-01;BTC;0,004177;11970,48;50,0;0,25;49,75;50,0;0,005;Buy;DCA
dc07e6bf-4ca2-4616-b449-640c93514cc3;2020-09-01;EEM;0,626566;39,9;25,0;0,13;24,88;25,0;0,005;Buy;DCA
fa9576da-ac3d-42ec-b42e-01969bdc70ad;2020-09-01;URTH;0,525431;95,16;50,0;0,25;49,75;50,0;0,005;Buy;DCA
4c8e4df3-125e-4e1b-ad50-5a1ab62ba151;2020-09-12;EEM;1,283514;38,69;49,66;0,25;49,41;49,66;0,005;Buy;Manual
248ced9f-f495-4d1c-8488-49dc811980dc;2020-09-20;AAPL;-0,198946;103,82;-20,65;0,1;-20,76;20,65;0,005;Sell;Manual
4eed1f60-1ff2-4ee0-9a27-1dedf9de87aa;2020-09-24;AAPL;0,642314;105,17;67,55;0,34;67,21;67,55;0,005;Buy;Manual
3f25ba39-c56c-4efc-90ac-075e069e003f;2020-10-01;URTH;0,5449;91,76;50,0;0,25;49,75;50,0;0,005;Buy;DCA
1210e03f-c3bb-4ec5-aac4-c668836b620a;2020-10-01;EEM;0,637918;39,19;25,0;0,12;24,88;25,0;0,005;Buy;DCA
3d914acc-7258-4c05-87ca-3bf47581a39d;2020-10-01;BTC;0,004708;10619,45;50,0;0,25;49,75;50,0;0,005;Buy;DCA
8b8bd7fe-66ed-450e-8537-03842282c7c7;2020-10-11;VOO;0,256376;295,33;75,72;0,38;75,34;75,72;0,005;Buy;Manual
fb94d111-6adc-46ad-a46e-1d6b4a845e40;2020-10-16;AAPL;0,851277;115,66;98,46;0,49;97,97;98,46;0,005;Buy;Manual
3e79e303-a543-4efb-8449-5698d6c5320f;2020-10-18;ZM;0,001477;559,0;0,83;0,0;0,82;0,83;0,005;Buy;Manual
ea4b0ccd-6385-4188-b5ae-67c20be69d37;2020-10-18;GLD;-0,136997;178,3;-24,43;0,12;-24,55;24,43;0,005;Sell;Manual
ff5664a3-584c-461a-b21e-39ca18d47d84;2020-10-28;AAPL;-0,428021;108,06;-46,25;0,23;-46,48;46,25;0,005;Sell;Manual
753880d1-a50e-4f71-bdca-ba7c4c06db80;2020-11-01;URTH;0,565227;88,46;50,0;0,25;49,75;50,0;0,005;Buy;DCA
1f92d408-d4ea-44fc-a956-e76822378a0b;2020-11-01;BTC;0,00364;13737,11;50,0;0,25;49,75;50,0;0,005;Buy;DCA
fe02c9c4-8ed9-4d4c-b522-3eae8d564b80;2020-11-01;EEM;0,63484;39,38;25,0;0,12;24,88;25,0;0,005;Buy;DCA
1e0f52b9-8449-464a-9285-bcf29974fc0f;2020-11-05;EEM;1,59104;42,02;66,86;0,33;66,52;66,86;0,005;Buy;Manual
25572e77-fc9c-4101-b9bf-635b7b7e3e4a;2020-11-16;SLV;1,016926;23,02;23,41;0,12;23,29;23,41;0,005;Buy;Manual
fa259e91-1c53-4222-ac55-9b75e5410770;2020-11-23;AAPL;0,342113;110,83;37,92;0,19;37,73;37,92;0,005;Buy;Manual
81f46397-679a-40e2-bb7d-3f7065325de2;2020-11-26;EEM;-0,391679;43,66;-17,1;0,09;-17,19;17,1;0,005;Sell;Manual
a71fbb3a-bb84-4389-99f5-dd3eae970dbe;2020-11-30;AAPL;0,274858;115,89;31,85;0,16;31,69;31,85;0,005;Buy;Manual
81915586-6f83-48e2-a56b-41d71d12269e;2020-12-01;BTC;0,002659;18803,0;50,0;0,25;49,75;50,0;0,005;Buy;DCA
83aa988f-57b6-4b3b-84f2-1df15864a859;2020-12-01;URTH;0,495442;100,92;50,0;0,25;49,75;50,0;0,005;Buy;DCA
0829c475-a323-444e-84ef-576ad1a03dbd;2020-12-01;EEM;0,571298;43,76;25,0;0,12;24,88;25,0;0,005;Buy;DCA
97f8b01e-1383-42b5-8b3b-69a6c0f71ea6;2020-12-16;EEM;-0,462772;45,13;-20,88;0,1;-20,99;20,88;0,005;Sell;Manual
3f9af5e0-d265-41de-a001-e83026c85487;2020-12-18;ETH;0,063168;654,81;41,36;0,21;41,16;41,36;0,005;Buy;Manual
5e72ada9-987f-480e-9aa6-b1c3329217ce;2020-12-25;GOOGL;1,142242;86,06;98,3;0,49;97,81;98,3;0,005;Buy;Manual
457b949f-3406-4309-a07b-64cc8c1f6b12;2020-12-28;VOO;0,110964;318,44;35,34;0,18;35,16;35,34;0,005;Buy;Manual
0caeca5c-dd30-4535-bd12-46591225f42c;2021-01-01;URTH;0,481881;103,76;50,0;0,25;49,75;50,0;0,005;Buy;DCA
5022997d-f4d6-4af9-a04a-31abb816f11b;2021-01-01;BTC;0,001702;29374,15;50,0;0,25;49,75;50,0;0,005;Buy;DCA
78bbf4c9-5316-43ee-8190-196e24b6566f;2021-01-01;EEM;0,543715;45,98;25,0;0,12;24,88;25,0;0,005;Buy;DCA
ed0c0df0-4da4-4e10-82a8-6e3eea7b016b;2021-01-15;ETH;0,059483;1171,83;69,7;0,35;69,36;69,7;0,005;Buy;Manual
0fda834d-1a3b-4fdd-b77a-e54b9c88f2a6;2021-01-25;BABA;0,239441;248,23;59,44;0,3;59,14;59,44;0,005;Buy;Manual
1a44b522-2119-40a0-b154-1eba4d151078;2021-01-29;VOO;0,144831;316,64;45,86;0,23;45,63;45,86;0,005;Buy;Manual
d1d70cf3-6a63-403a-9544-0fcab7579c6a;2021-02-01;BTC;0,001491;33537,18;50,0;0,25;49,75;50,0;0,005;Buy;DCA
2d2f73c7-8c98-4771-abc4-e3079abf8d68;2021-02-01;EEM;0,513136;48,72;25,0;0,12;24,88;25,0;0,005;Buy;DCA
5ded64f8-dd35-4023-a698-2b0ebed37804;2021-02-01;URTH;0,478652;104,46;50,0;0,25;49,75;50,0;0,005;Buy;DCA
e6c5dd84-a40e-405f-aecd-8d077f8130ce;2021-02-11;MSFT;-0,16898;234,6;-39,64;0,2;-39,84;39,64;0,005;Sell;Manual
8d50c113-a295-4c51-8bd3-979119c3960d;2021-02-13;BABA;0,231214;254,38;58,82;0,29;58,52;58,82;0,005;Buy;Manual
16b94e42-2e44-4a2a-9bf2-11e94cbf62ac;2021-02-24;ZM;0,110858;385,23;42,71;0,21;42,49;42,71;0,005;Buy;Manual
8ef09440-14f3-44ee-8062-02c89f6fbe69;2021-02-27;MSFT;0,328775;223,49;73,48;0,37;73,11;73,48;0,005;Buy;Manual
c52e1a85-cb75-4d35-95fb-d4850e518e39;2021-03-01;EEM;0,509269;49,09;25,0;0,12;24,88;25,0;0,005;Buy;DCA
9bf06b3a-cb24-49cc-9092-4b76255f246f;2021-03-01;URTH;0,463435;107,89;50,0;0,25;49,75;50,0;0,005;Buy;DCA
548f3607-fd05-4257-8354-43cbe036d0c8;2021-03-01;BTC;0,001007;49631,24;50,0;0,25;49,75;50,0;0,005;Buy;DCA
0dfda091-57ac-4fbc-ba05-66260a955952;2021-03-17;ZM;-0,086787;336,65;-29,22;0,15;-29,36;29,22;0,005;Sell;Manual
ff55b979-f5c9-4cde-876a-f672e18ffee9;2021-03-21;MSFT;0,15679;221,54;34,74;0,17;34,56;34,74;0,005;Buy;Manual
f56610ad-d0b8-4712-858c-26c7612b65f8;2021-03-21;URTH;0,523896;108,54;56,86;0,28;56,58;56,86;0,005;Buy;Manual
b0ceafce-1571-4a3f-8755-763ebf3f9ecf;2021-03-23;GOOGL;0,823307;101,3;83,4;0,42;82,98;83,4;0,005;Buy;Manual
40d304ad-43b7-4183-a3a8-e820f6de4d47;2021-04-01;EEM;0,521594;47,93;25,0;0,12;24,88;25,0;0,005;Buy;DCA
5348fc9f-d1a8-40f2-b75a-e1d611e0e5e4;2021-04-01;URTH;0,452202;110,57;50,0;0,25;49,75;50,0;0,005;Buy;DCA
4231785c-e0b4-411a-a569-11f4e9fa9769;2021-04-01;BTC;0,000846;59095,81;50,0;0,25;49,75;50,0;0,005;Buy;DCA
2bf99731-c88f-45d9-a31c-c4d0eeb88c69;2021-04-27;BTC;0,001786;55033,12;98,27;0,49;97,78;98,27;0,005;Buy;Manual
3cc409bc-4664-4d19-b64f-6c1ffe7385c0;2021-04-28;AAPL;0,589156;130,23;76,73;0,38;76,34;76,73;0,005;Buy;Manual
963e80ac-f56d-4339-916e-94ea85dff0c2;2021-05-01;URTH;0,438212;114,1;50,0;0,25;49,75;50,0;0,005;Buy;DCA
05464ecf-aefc-4e14-905c-33231b4c7322;2021-05-01;BTC;0,000865;57828,05;50,0;0,25;49,75;50,0;0,005;Buy;DCA
b4aa7f1d-22c9-41ca-876b-284e5067e19f;2021-05-01;EEM;0,520508;48,03;25,0;0,12;24,88;25,0;0,005;Buy;DCA
34887d37-b62e-4ff4-916c-105c942c0434;2021-05-06;GOOGL;0,002031;115,99;0,24;0,0;0,23;0,24;0,005;Buy;Manual
8062b065-eee3-4845-b690-40294a9dedd5;2021-05-11;GLD;0,144203;172,14;24,82;0,12;24,7;24,82;0,005;Buy;Manual
98250497-44f9-4b7c-8de5-78bf7e3c9564;2021-05-21;EEM;2,06088;47,29;97,46;0,49;96,97;97,46;0,005;Buy;Manual
732f2771-92b6-4399-a340-d240fc49565b;2021-05-27;BABA;0,259762;202,04;52,48;0,26;52,22;52,48;0,005;Buy;Manual
e8b6ac20-e70e-4fef-a3c2-c2ec21f323a1;2021-05-28;GOOGL;-0,332686;116,96;-38,91;0,19;-39,11;38,91;0,005;Sell;Manual
f6754333-8a96-4237-a0ff-0640bf9d02a2;2021-06-01;BTC;0,001363;36684,93;50,0;0,25;49,75;50,0;0,005;Buy;DCA
b9d80bac-c8eb-48b7-b820-6f9542bea5fb;2021-06-01;URTH;0,430812;116,06;50,0;0,25;49,75;50,0;0,005;Buy;DCA
7c3babf5-cb5d-4595-b1d2-3a24558b6a87;2021-06-01;EEM;0,501706;49,83;25,0;0,12;24,87;25,0;0,005;Buy;DCA
83ff65d1-5e50-42d0-85c6-3c5b12b1cd34;2021-06-15;BTC;-0,000437;40406,27;-17,65;0,09;-17,74;17,65;0,005;Sell;Manual
8d7774c9-e627-4651-8377-df9e39dfb385;2021-06-16;GOOGL;0,651896;119,87;78,14;0,39;77,75;78,14;0,005;Buy;Manual
f5cd165c-a464-4b12-a4ec-fca36bb14370;2021-06-22;GOOGL;0,326852;121,41;39,68;0,2;39,48;39,68;0,005;Buy;Manual
5f1ccd9b-1159-45d7-9bea-d1fd1d061718;2021-07-01;EEM;0,5101;49,01;25,0;0,12;24,88;25,0;0,005;Buy;DCA
3845b68c-8b50-4ede-80b9-98b14aad1329;2021-07-01;URTH;0,42294;118,22;50,0;0,25;49,75;50,0;0,005;Buy;DCA
ff9c42a7-c3f8-4252-97c8-d2238deaa328;2021-07-01;BTC;0,001489;33572,12;50,0;0,25;49,75;50,0;0,005;Buy;DCA
1071b26e-7e64-41d4-866e-5bcc6a872c9f;2021-07-06;SLV;1,562923;24,23;37,87;0,19;37,68;37,87;0,005;Buy;Manual
3759dc0c-5cf5-410b-a8e8-e5624764e41a;2021-07-12;EEM;-0,692573;47,9;-33,17;0,17;-33,34;33,17;0,005;Sell;Manual
f25a11cd-840d-48e7-8ac8-0e5098f9ef82;2021-07-13;SLV;1,275791;24,08;30,72;0,15;30,57;30,72;0,005;Buy;Manual
0085bcfd-d709-41aa-9946-eac94457f8ef;2021-07-15;URTH;0,17871;118,81;21,23;0,11;21,13;21,23;0,005;Buy;Manual
3bf8c04d-2254-437a-8042-4faac0524075;2021-07-23;GLD;0,50532;168,56;85,18;0,43;84,75;85,18;0,005;Buy;Manual
4d36e70c-4d4b-4c0c-afa6-a3ddda3f4890;2021-08-01;EEM;0,542064;46,12;25,0;0,13;24,88;25,0;0,005;Buy;DCA
46d025e7-d538-44ab-a47b-9ca8f482622c;2021-08-01;URTH;0,417153;119,86;50,0;0,25;49,75;50,0;0,005;Buy;DCA
7a1ec56c-7a44-47ca-9d5a-5da619b1b5a5;2021-08-01;BTC;0,001251;39974,89;50,0;0,25;49,75;50,0;0,005;Buy;DCA
fc80c8cd-9381-4bf1-b2bd-5de3bea821dd;2021-08-08;MSFT;0,111611;279,03;31,14;0,16;30,99;31,14;0,005;Buy;Manual
7c6aa934-5417-48a5-8f13-0040d68c944e;2021-08-12;MSFT;-0,063692;279,37;-17,79;0,09;-17,88;17,79;0,005;Sell;Manual
aacc5244-111f-40c5-a63b-d2feb6cf53c6;2021-08-15;EEM;1,739913;46,23;80,44;0,4;80,03;80,44;0,005;Buy;Manual
0a490422-1b7f-4081-b93b-7417d709fefb;2021-08-16;BABA;0,365497;173,52;63,42;0,32;63,1;63,42;0,005;Buy;Manual
01d5ba54-bd2e-49a1-a310-3a5641e20737;2021-09-01;URTH;0,405745;123,23;50,0;0,25;49,75;50,0;0,005;Buy;DCA
93193dc8-34ba-48d6-9b50-212c0151cac5;2021-09-01;BTC;0,001024;48847,03;50,0;0,25;49,75;50,0;0,005;Buy;DCA
f39fc009-51e7-4d3c-8e9c-5a2c018570c8;2021-09-01;EEM;0,526981;47,44;25,0;0,12;24,87;25,0;0,005;Buy;DCA
1a54f3a1-0cf1-4872-a678-10c13658c706;2021-09-07;BTC;0,00199;46811,13;93,15;0,47;92,68;93,15;0,005;Buy;Manual
01691a01-33cc-4c5b-bcba-611f1885e50d;2021-09-08;MSFT;0,113416;289,95;32,88;0,16;32,72;32,88;0,005;Buy;Manual
d8f8e119-a15d-4621-8f99-65c01e1003de;2021-09-15;AAPL;0,17407;145,76;25,37;0,13;25,25;25,37;0,005;Buy;Manual
06d7e30e-e43a-47e9-b74e-3610733e22c0;2021-09-27;GOOGL;0,168542;140,01;23,6;0,12;23,48;23,6;0,005;Buy;Manual
5594ddcc-956e-4680-94ac-712c9d101546;2021-10-01;BTC;0,001039;48116,94;50,0;0,25;49,75;50,0;0,005;Buy;DCA
ffdf6d41-2a79-4b9f-9149-5ab2eb92738b;2021-10-01;URTH;0,421514;118,62;50,0;0,25;49,75;50,0;0,005;Buy;DCA
2db983cd-66b1-460b-81f4-9d1af246beee;2021-10-01;EEM;0,555803;44,98;25,0;0,12;24,88;25,0;0,005;Buy;DCA
0b8b6cc2-4bf1-4bff-b02a-7d14cce22035;2021-10-06;AAPL;0,665721;138,88;92,46;0,46;91,99;92,46;0,005;Buy;Manual
f092a160-51e9-4772-8c5f-949c496c4daf;2021-10-08;ETH;0,012813;3563,76;45,66;0,23;45,43;45,66;0,005;Buy;Manual
0f5961d0-9312-4427-9912-ec164ee10754;2021-10-11;EEM;-0,749904;45,33;-33,99;0,17;-34,16;33,99;0,005;Sell;Manual
c805da8c-6908-4e52-a31d-9b4b72c8c79d;2021-10-16;ETH;0,009629;3830,38;36,88;0,18;36,7;36,88;0,005;Buy;Manual
ffb65bd6-4f00-4045-bd15-8f2ea3ce252a;2021-11-01;URTH;0,399808;125,06;50,0;0,25;49,75;50,0;0,005;Buy;DCA
ef8c03fd-7ad8-48ac-9f29-e208d8b1f5b0;2021-11-01;ZM;0,34919;278,94;97,4;0,49;96,92;97,4;0,005;Buy;Manual
2a38b77c-858e-4da8-ba1b-e4e65d1dd80a;2021-11-01;EEM;0,545019;45,87;25,0;0,12;24,88;25,0;0,005;Buy;DCA
7b11ea62-21f2-4cfd-991f-f5f55276b437;2021-11-01;BTC;0,00082;61004,41;50,0;0,25;49,75;50,0;0,005;Buy;DCA
235b2603-9878-4150-90a0-a4d38acbd9a7;2021-11-07;AAPL;0,497372;148,17;73,7;0,37;73,33;73,7;0,005;Buy;Manual
1c8ae851-4b40-439e-bbe3-e5b4fd99ab85;2021-11-20;BTC;6,5e-05;59697,2;3,9;0,02;3,88;3,9;0,005;Buy;Manual
30405d5a-6a92-499e-a9df-843001627b07;2021-12-01;BTC;0,000874;57229,83;50,0;0,25;49,75;50,0;0,005;Buy;DCA
06fd82b5-0592-4a24-86c7-db6dfb3ed29b;2021-12-01;EEM;0,570646;43,81;25,0;0,12;24,88;25,0;0,005;Buy;DCA
473a0ae3-acfb-46bf-ab2a-ccbeecd4cb9f;2021-12-01;URTH;0,414834;120,53;50,0;0,25;49,75;50,0;0,005;Buy;DCA
65e9db7a-852c-4ecc-a56d-38740b4cfc87;2021-12-01;BTC;0,000831;57229,83;47,58;0,24;47,34;47,58;0,005;Buy;Manual
27231dab-bfc2-4a2d-83f6-2ed9d996b288;2021-12-05;SLV;-0,743095;20,85;-15,49;0,08;-15,57;15,49;0,005;Sell;Manual
4692ad9c-fff5-487a-8b76-3e0f87ba0398;2021-12-20;SLV;1,639388;20,57;33,72;0,17;33,55;33,72;0,005;Buy;Manual
c0392c39-9eb2-402c-866f-79b9afbc56bf;2022-01-01;BTC;0,001049;47686,81;50,0;0,25;49,75;50,0;0,005;Buy;DCA
5465177f-894e-4f6e-bd97-e169d643f754;2022-01-01;EEM;0,564207;44,31;25,0;0,12;24,88;25,0;0,005;Buy;DCA
f9d0433a-d1e1-45d0-a0cd-ef05d20a097b;2022-01-01;URTH;0,394104;126,87;50,0;0,25;49,75;50,0;0,005;Buy;DCA
9fa292b5-1a3f-4dd7-b683-de1636814881;2022-01-16;MSFT;0,080184;300,14;24,07;0,12;23,95;24,07;0,005;Buy;Manual
319b187b-351a-434d-bb7d-19726fa528fd;2022-01-17;ZM;0,3534;159,72;56,45;0,28;56,16;56,45;0,005;Buy;Manual
0f249076-924c-4411-b819-edcfec508024;2022-01-21;URTH;0,798651;118,31;94,49;0,47;94,02;94,49;0,005;Buy;Manual
56a5409c-38c6-41ac-ab6c-eebdd84f4f40;2022-02-01;EEM;0,560915;44,57;25,0;0,13;24,88;25,0;0,005;Buy;DCA
23c4b54d-0237-4ad6-82e8-b54e60302680;2022-02-01;URTH;0,412201;121,3;50,0;0,25;49,75;50,0;0,005;Buy;DCA
02479384-b4cc-468b-a955-8c02d6ed1fff;2022-02-01;VOO;0,108406;392,98;42,6;0,21;42,39;42,6;0,005;Buy;Manual
45c4f85e-4cf9-4519-86e5-4e201c3064eb;2022-02-01;BTC;0,001291;38743,27;50,0;0,25;49,75;50,0;0,005;Buy;DCA
f06b78da-b2e5-4ca9-a040-b74f71e39f17;2022-02-02;URTH;0,579647;122,31;70,9;0,35;70,54;70,9;0,005;Buy;Manual
ba5d0f65-0320-45d5-a141-9b2862e4baa2;2022-02-08;GOOGL;-0,26423;138,35;-36,56;0,18;-36,74;36,56;0,005;Sell;Manual
677b96bc-b8fc-4837-8060-26abbf697af2;2022-02-14;MSFT;0,215463;285,44;61,5;0,31;61,19;61,5;0,005;Buy;Manual
d1318fa7-472b-4164-8473-48e289777ca3;2022-03-01;BTC;0,001127;44354,64;50,0;0,25;49,75;50,0;0,005;Buy;DCA
b5819e94-9045-4b04-8fda-3760d8985afb;2022-03-01;URTH;0,435123;114,91;50,0;0,25;49,75;50,0;0,005;Buy;DCA
00fbc682-5956-410d-bfde-cf9f3d50f62d;2022-03-01;EEM;0,5978;41,82;25,0;0,12;24,88;25,0;0,005;Buy;DCA
0129c9c4-42be-4d7b-b011-8c2caf73ef09;2022-03-03;ETH;-0,012423;2834,47;-35,21;0,18;-35,39;35,21;0,005;Sell;Manual
7840c17b-ca21-44ee-a702-9d398828e60c;2022-03-18;SLV;-2,118475;23,02;-48,77;0,24;-49,01;48,77;0,005;Sell;Manual
ed568b49-6c64-44db-9fe4-db3432b6dc5f;2022-03-20;BTC;0,001803;41247,82;74,38;0,37;74,01;74,38;0,005;Buy;Manual
236dc842-a3ed-45a9-bb64-052a1d93846e;2022-03-22;BTC;0,001414;42358,81;59,89;0,3;59,59;59,89;0,005;Buy;Manual
cb59dd4e-b652-4635-bf30-48dfec1e0429;2022-04-01;URTH;0,41401;120,77;50,0;0,25;49,75;50,0;0,005;Buy;DCA
dffdb13b-c638-4033-b0ee-2f77021cf9d5;2022-04-01;BTC;0,00108;46281,64;50,0;0,25;49,75;50,0;0,005;Buy;DCA
b9d89aa8-e38a-404e-ba09-94ab90bcc2cd;2022-04-01;EEM;0,600528;41,63;25,0;0,12;24,88;25,0;0,005;Buy;DCA
c8de5757-a8af-48a9-88f3-addf7f253007;2022-04-05;ZM;0,421657;122,02;51,45;0,26;51,19;51,45;0,005;Buy;Manual
4f3978df-d219-46af-8194-8a3bbd0bb828;2022-04-07;ETH;0,013488;3233,27;43,61;0,22;43,39;43,61;0,005;Buy;Manual
59fe1c2c-d50d-4def-be8d-3e7f2b803b00;2022-04-08;GLD;0,351243;181,47;63,74;0,32;63,42;63,74;0,005;Buy;Manual
61adceac-973e-45a0-b5d6-b70412245475;2022-04-16;BABA;-0,494972;90,69;-44,89;0,22;-45,11;44,89;0,005;Sell;Manual
348049be-1244-4051-9146-2c2ea1fc7579;2022-04-24;GOOGL;0,136426;118,74;16,2;0,08;16,12;16,2;0,005;Buy;Manual
23b85e8f-4232-4e5e-9e13-0dccb672be1f;2022-05-01;URTH;0,454174;110,09;50,0;0,25;49,75;50,0;0,005;Buy;DCA
5dbf5a50-7448-4648-8c22-3baed2960718;2022-05-01;BTC;0,0013;38469,09;50,0;0,25;49,75;50,0;0,005;Buy;DCA
47c2c957-ad01-4aa1-a984-57145682b3de;2022-05-01;EEM;0,650364;38,44;25,0;0,12;24,87;25,0;0,005;Buy;DCA
a3736adb-8ef3-4d91-9e7a-1de697f7c3ff;2022-05-03;SLV;-1,641517;20,83;-34,19;0,17;-34,36;34,19;0,005;Sell;Manual
3df73e5d-4bd4-4a47-9897-9a9ad1f0038f;2022-05-12;SLV;4,465539;19,12;85,38;0,43;84,95;85,38;0,005;Buy;Manual
00ebb1a4-9983-4934-b1c9-164b7ef9d753;2022-05-26;VOO;0,254094;352,7;89,62;0,45;89,17;89,62;0,005;Buy;Manual
dd53653a-71d8-4698-b238-2274e2c716df;2022-06-01;GOOGL;-0,108077;113,04;-12,22;0,06;-12,28;12,22;0,005;Sell;Manual
d5552c65-da15-4e56-8640-b386d03729db;2022-06-01;BTC;0,001678;29799,08;50,0;0,25;49,75;50,0;0,005;Buy;DCA
ea62e7bc-d907-4a58-9149-96860edeac98;2022-06-01;EEM;0,651042;38,4;25,0;0,13;24,88;25,0;0,005;Buy;DCA
1c5236f7-1503-4b63-a48d-f2ab229bf5db;2022-06-01;URTH;0,455747;109,71;50,0;0,25;49,75;50,0;0,005;Buy;DCA
b3642714-03a7-4928-a5c1-b666f123e80e;2022-06-02;GLD;0,237073;174,35;41,33;0,21;41,13;41,33;0,005;Buy;Manual
59be55ca-cd1f-4f35-9d47-0e35de8080e1;2022-06-20;GOOGL;0,538419;106,34;57,26;0,29;56,97;57,26;0,005;Buy;Manual
71c08ca7-9d46-4638-9338-c110b9738f70;2022-06-24;MSFT;-0,155793;260,16;-40,53;0,2;-40,73;40,53;0,005;Sell;Manual
1fc37b78-eed4-4411-b1b8-c357b526af45;2022-06-27;SLV;3,920517;19,49;76,41;0,38;76,03;76,41;0,005;Buy;Manual
8b779636-a168-4121-8b8e-695a466a754d;2022-07-01;URTH;0,490629;101,91;50,0;0,25;49,75;50,0;0,005;Buy;DCA
ff0e9737-16b7-48c4-aa3a-e54e6fb08469;2022-07-01;EEM;0,685871;36,45;25,0;0,12;24,88;25,0;0,005;Buy;DCA
157b4f2d-b057-409c-961e-b2e94ae771c8;2022-07-01;BTC;0,002595;19269,37;50,0;0,25;49,75;50,0;0,005;Buy;DCA
4e4d1b27-5f72-4122-9be3-d7e770511a44;2022-07-02;ETH;-0,012715;1066,51;-13,56;0,07;-13,63;13,56;0,005;Sell;Manual
ce79c10b-7a27-4fee-80bf-25e4f1ce13ab;2022-07-15;GOOGL;0,400852;110,94;44,47;0,22;44,25;44,47;0,005;Buy;Manual
b9a38700-2259-4798-b182-1c7e58b76eb3;2022-07-25;SLV;-1,12257;16,98;-19,06;0,1;-19,16;19,06;0,005;Sell;Manual
90652c08-c725-4bc6-8e49-530c31b99b9b;2022-08-01;URTH;0,458253;109,11;50,0;0,25;49,75;50,0;0,005;Buy;DCA
3edbd342-2b34-4711-92a6-249e81c1f859;2022-08-01;EEM;0,689845;36,24;25,0;0,12;24,88;25,0;0,005;Buy;DCA
ad3a255e-6cc2-4095-b4f0-9f16b0c988b6;2022-08-01;BTC;0,002145;23314,2;50,0;0,25;49,75;50,0;0,005;Buy;DCA
2f9de0e8-b0a2-4bcf-adf3-6a74c674f6c4;2022-08-04;GOOGL;0,323571;117,3;37,95;0,19;37,77;37,95;0,005;Buy;Manual
4eef6a77-641a-4cad-b605-7679bd6cba74;2022-08-11;GOOGL;0,176906;117,95;20,87;0,1;20,76;20,87;0,005;Buy;Manual
d518947d-0e57-4a05-bae9-c899c12b0e46;2022-09-01;URTH;0,480815;103,99;50,0;0,25;49,75;50,0;0,005;Buy;DCA
d37636ff-dec4-4041-94a6-6e431ee8f06a;2022-09-01;EEM;0,698714;35,78;25,0;0,12;24,88;25,0;0,005;Buy;DCA
be923c57-f2a8-4103-9bf5-77a4ac8e2e6d;2022-09-01;BTC;0,002484;20127,14;50,0;0,25;49,75;50,0;0,005;Buy;DCA
40640530-38b1-4dce-ac4e-fff08ad262af;2022-09-04;AAPL;-0,187543;153,24;-28,74;0,14;-28,88;28,74;0,005;Sell;Manual
e916e7b2-ff14-40c2-be75-8a2502fe88e2;2022-09-08;ZM;1,10253;80,23;88,46;0,44;88,01;88,46;0,005;Buy;Manual
939f4690-947d-4145-9f5c-4b1923fae36b;2022-09-10;URTH;0,447919;106,77;47,82;0,24;47,59;47,82;0,005;Buy;Manual
8df6b1bc-9949-48b3-8ce4-f68a1ddb0d7c;2022-09-15;BABA;0,137268;84,36;11,58;0,06;11,52;11,58;0,005;Buy;Manual
1adfc67e-aa4c-4c4e-b247-2b6a170e8ae8;2022-09-19;GLD;0,174017;155,96;27,14;0,14;27,0;27,14;0,005;Buy;Manual
40be0859-a3d3-4743-83d9-8df125640bda;2022-10-01;BTC;0,002589;19312,1;50,0;0,25;49,75;50,0;0,005;Buy;DCA
56bef26e-3a36-4c9f-bf5a-2649f0b28f10;2022-10-01;URTH;0,528989;94,52;50,0;0,25;49,75;50,0;0,005;Buy;DCA
ae1ba3b8-b7d4-409c-a53b-bc923b8fed27;2022-10-01;EEM;0,783453;31,91;25,0;0,12;24,88;25,0;0,005;Buy;DCA
1a3e75db-9782-4d3d-9736-d265138afbb9;2022-10-05;MSFT;0,157205;242,7;38,15;0,19;37,96;38,15;0,005;Buy;Manual
035c2fe7-66bf-4270-a5f3-368571999744;2022-10-06;MSFT;0,288946;240,35;69,45;0,35;69,1;69,45;0,005;Buy;Manual
5dcfc423-de5c-42d2-a4f2-c659b006c3f1;2022-10-17;VOO;0,209415;321,84;67,4;0,34;67,06;67,4;0,005;Buy;Manual
127420d7-d1f4-4fe1-9814-1fea66f72b20;2022-10-28;ETH;-0,017052;1555,48;-26,52;0,13;-26,66;26,52;0,005;Sell;Manual
7ac548ff-c4a7-444c-8be5-a0cf596be0b1;2022-11-01;BTC;0,002441;20485,27;50,0;0,25;49,75;50,0;0,005;Buy;DCA
3a061f1e-9b6c-4e81-aeb9-8f0a449dbc59;2022-11-01;URTH;0,492078;101,61;50,0;0,25;49,75;50,0;0,005;Buy;DCA
bc5fa1e2-09de-40b6-a6b5-d631ab338300;2022-11-01;EEM;0,784929;31,85;25,0;0,12;24,88;25,0;0,005;Buy;DCA
53edab76-21a0-42ec-a96a-675aef3bd4db;2022-11-15;SLV;3,550595;19,88;70,59;0,35;70,23;70,59;0,005;Buy;Manual
cd23de12-9c69-4456-8b8c-dd141ff39189;2022-12-01;URTH;0,456496;109,53;50,0;0,25;49,75;50,0;0,005;Buy;DCA
6af7b2bb-53fd-4f97-bb14-927a900324b9;2022-12-01;EEM;0,693866;36,03;25,0;0,12;24,88;25,0;0,005;Buy;DCA
a82d4ae6-28b6-4991-8ff3-a20557557908;2022-12-01;BTC;0,002947;16967,13;50,0;0,25;49,75;50,0;0,005;Buy;DCA
2713a48f-03e2-44c3-8b65-5f6c2ed6e6a0;2022-12-20;GOOGL;0,432067;88,35;38,17;0,19;37,98;38,17;0,005;Buy;Manual
bdcc5793-9776-4656-b871-f36d84083360;2022-12-26;BABA;0,783383;81,34;63,72;0,32;63,4;63,72;0,005;Buy;Manual
ad33c7d2-e698-46ce-b2a3-bba4db5eb927;2022-12-27;SLV;-0,823322;22,11;-18,2;0,09;-18,29;18,2;0,005;Sell;Manual
73ca158f-8ac1-4476-a6aa-39c881d3800e;2022-12-31;GLD;-0,104178;169,64;-17,67;0,09;-17,76;17,67;0,005;Sell;Manual
e7e9816f-8322-4800-9b41-d888227f1281;2023-01-01;EEM;0,710227;35,2;25,0;0,12;24,88;25,0;0,005;Buy;DCA
60b6d926-d1f8-4149-bb52-425da385def0;2023-01-01;BTC;0,003008;16625,08;50,0;0,25;49,75;50,0;0,005;Buy;DCA
940dc9e0-e77d-4849-9ef4-d3ac95090be5;2023-01-01;URTH;0,4804;104,08;50,0;0,25;49,75;50,0;0,005;Buy;DCA
e697615c-2b49-4ebe-a74f-246b1311ba49;2023-01-23;AAPL;-0,176139;139,01;-24,49;0,12;-24,61;24,49;0,005;Sell;Manual
6e86f726-f815-477f-944a-d18edef365ca;2023-01-27;SLV;1,731427;21,68;37,54;0,19;37,35;37,54;0,005;Buy;Manual
8f8e6de7-530d-4abb-afc7-85afbf1c30e0;2023-02-01;URTH;0,443892;112,64;50,0;0,25;49,75;50,0;0,005;Buy;DCA
a7f49057-f537-4d3d-ad30-67594eba6e6f;2023-02-01;GLD;0,254112;181,67;46,16;0,23;45,93;46,16;0,005;Buy;Manual
8e8cd297-f2ab-4efc-b744-605bf9716f97;2023-02-01;EEM;0,643004;38,88;25,0;0,12;24,88;25,0;0,005;Buy;DCA
ab50cc35-c6e2-45c0-a4ed-169f789b8608;2023-02-01;BTC;0,002108;23723,77;50,0;0,25;49,75;50,0;0,005;Buy;DCA
7bdb9320-64ee-4205-8770-567a48347d48;2023-02-06;MSFT;0,291041;250,77;72,98;0,36;72,62;72,98;0,005;Buy;Manual
c4dcbb1f-3cad-43fa-ac50-6acee6754f45;2023-02-15;VOO;-0,040978;365,11;-14,96;0,07;-15,04;14,96;0,005;Sell;Manual
9d970607-fb24-4172-8101-90c2dc08a653;2023-02-26;ETH;0,034039;1640,82;55,85;0,28;55,57;55,85;0,005;Buy;Manual
6c98254a-e8f6-418a-873e-ed092b3c7caa;2023-03-01;BTC;0,002114;23646,55;50,0;0,25;49,75;50,0;0,005;Buy;DCA
fc4f3fba-d460-4ca2-8a90-20647139bffc;2023-03-01;EEM;0,689465;36,26;25,0;0,12;24,88;25,0;0,005;Buy;DCA
899fdd3f-7c40-431a-bd37-63c11e8d7eb5;2023-03-01;URTH;0,461084;108,44;50,0;0,25;49,75;50,0;0,005;Buy;DCA
b12f83f8-4c01-4b4e-9179-7c5867a7b3e9;2023-03-07;ETH;0,052357;1561,93;81,78;0,41;81,37;81,78;0,005;Buy;Manual
93f4b2d8-b8af-4b50-85fe-ea44065a4197;2023-03-22;EEM;-0,575314;35,51;-20,43;0,1;-20,53;20,43;0,005;Sell;Manual
00395672-c716-44a7-abfa-a5c683db626e;2023-03-26;BTC;0,00333;27994,33;93,22;0,47;92,76;93,22;0,005;Buy;Manual
67df54bd-ae7c-43ee-a2a2-40ed40ce5adb;2023-04-01;URTH;0,44603;112,1;50,0;0,25;49,75;50,0;0,005;Buy;DCA
46e90cb8-4373-438a-855c-c600e651a9e5;2023-04-01;EEM;0,682314;36,64;25,0;0,12;24,88;25,0;0,005;Buy;DCA
7b0da3e5-61ee-4a0e-9ee0-795ed0a6c106;2023-04-01;BTC;0,00176;28411,04;50,0;0,25;49,75;50,0;0,005;Buy;DCA
b5e11080-72ab-46b9-bc3f-b29fc961a035;2023-04-06;GOOGL;0,584996;107,61;62,95;0,31;62,64;62,95;0,005;Buy;Manual
a1b3493a-b1c8-478d-b107-b4826a71df12;2023-04-12;SLV;1,604439;23,43;37,59;0,19;37,4;37,59;0,005;Buy;Manual
2dfc15cb-e102-4540-bef0-b1f352709c7e;2023-04-21;VOO;0,204108;364,79;74,46;0,37;74,08;74,46;0,005;Buy;Manual
4f247801-75a5-4905-9a30-07865d4cf429;2023-04-30;GLD;-0,243505;184,8;-45,0;0,22;-45,22;45,0;0,005;Sell;Manual
c46c1d29-3637-4990-af38-fe565334c295;2023-05-01;URTH;0,438596;114,0;50,0;0,25;49,75;50,0;0,005;Buy;DCA
a25caff7-6f3d-4110-9515-d7ccb00da204;2023-05-01;EEM;0,690226;36,22;25,0;0,12;24,88;25,0;0,005;Buy;DCA
0e42c505-d95c-40bc-aa6e-20f8f8130fca;2023-05-01;BTC;0,00178;28091,57;50,0;0,25;49,75;50,0;0,005;Buy;DCA
08766636-ae29-43d1-ad47-6d52c4655fbd;2023-05-02;ETH;0,027839;1870,79;52,08;0,26;51,82;52,08;0,005;Buy;Manual
d4b38e59-4b21-4071-8d56-2c41220acabb;2023-05-05;EEM;-1,351912;36,58;-49,45;0,25;-49,7;49,45;0,005;Sell;Manual
98467381-e4d6-4dc6-ad21-7efee78ee0c2;2023-05-07;GLD;0,303082;187,46;56,82;0,28;56,53;56,82;0,005;Buy;Manual
680f8a1c-da3b-4054-9ea3-df145bb19927;2023-05-27;MSFT;0,183601;326,64;59,97;0,3;59,67;59,97;0,005;Buy;Manual
1a2c8390-b77c-4a7a-af87-9b6105dc8a25;2023-05-28;BTC;0,000218;28085,65;6,13;0,03;6,1;6,13;0,005;Buy;Manual
21af89fc-b246-4b18-b969-41da3997b941;2023-06-01;BTC;0,001864;26819,97;50,0;0,25;49,75;50,0;0,005;Buy;DCA
78e89374-2aec-422d-b3ac-be5bdca9ebcb;2023-06-01;URTH;0,437254;114,35;50,0;0,25;49,75;50,0;0,005;Buy;DCA
c9a4cf53-293e-4cfe-8d31-537127c65dca;2023-06-01;EEM;0,692521;36,1;25,0;0,12;24,88;25,0;0,005;Buy;DCA
aa6bc419-b8e2-4dbe-bf41-975c7f578135;2023-06-10;AAPL;0,268374;178,79;47,98;0,24;47,74;47,98;0,005;Buy;Manual
3c6fc30e-217c-43ad-ae7e-f7dc278dc4de;2023-06-11;ZM;0,36251;67,14;24,34;0,12;24,22;24,34;0,005;Buy;Manual
9c1245fa-53ea-477d-a94e-b34be94faaa1;2023-06-12;VOO;0,153295;384,13;58,89;0,29;58,59;58,89;0,005;Buy;Manual
06591994-843c-47de-a898-6ec814db532a;2023-06-24;ETH;-0,012504;1876,06;-23,46;0,12;-23,58;23,46;0,005;Sell;Manual
4d688821-fb16-43f5-b21a-82362146cc8f;2023-06-29;SLV;2,113564;20,72;43,79;0,22;43,57;43,79;0,005;Buy;Manual
19e350e0-207c-4938-93f2-f4b8db01256b;2023-07-01;URTH;0,417467;119,77;50,0;0,25;49,75;50,0;0,005;Buy;DCA
c7559cdc-2612-47f5-be6a-418d43a5e771;2023-07-01;BTC;0,001635;30590,08;50,0;0,25;49,75;50,0;0,005;Buy;DCA
79d4ab46-6744-4a45-a096-59d905db20b9;2023-07-01;EEM;0,675128;37,03;25,0;0,12;24,87;25,0;0,005;Buy;DCA
67b20d11-397e-4546-8bbc-754e0cff127e;2023-07-12;MSFT;-0,076042;330,87;-25,16;0,13;-25,29;25,16;0,005;Sell;Manual
30ead847-b15c-4da4-88bd-bfbfa415146f;2023-07-16;MSFT;-0,12665;338,76;-42,9;0,21;-43,12;42,9;0,005;Sell;Manual
4a47f5db-ebcb-42d6-98c0-647f8e738f57;2023-07-18;EEM;1,100672;38,15;41,99;0,21;41,78;41,99;0,005;Buy;Manual
fb891023-b03a-49c0-8e0d-c09fc78f7d9c;2023-07-31;BTC;0,000978;29230,11;28,59;0,14;28,45;28,59;0,005;Buy;Manual
2b7d6208-ba11-4eb9-beb9-852b3813175b;2023-08-01;URTH;0,406405;123,03;50,0;0,25;49,75;50,0;0,005;Buy;DCA
77ec2e77-9815-4146-a262-0ecfa2216fd9;2023-08-01;BTC;0,001685;29675,73;50,0;0,25;49,75;50,0;0,005;Buy;DCA
c7ae396a-7479-464f-86a3-10eb0eadb160;2023-08-01;EEM;0,644828;38,77;25,0;0,13;24,88;25,0;0,005;Buy;DCA
2d268ae9-2f85-457d-8124-f7ae32c8fed4;2023-08-03;GLD;0,065387;179,54;11,74;0,06;11,68;11,74;0,005;Buy;Manual
dd83696d-b56d-4a28-92aa-3c8b4afa0fe9;2023-08-05;MSFT;0,264004;321,63;84,91;0,42;84,49;84,91;0,005;Buy;Manual
261c0ad4-bca2-4760-888f-6f7f973b7b2a;2023-08-09;BABA;-0,478583;90,08;-43,11;0,22;-43,33;43,11;0,005;Sell;Manual
b9e28fe9-7c5f-4b97-b777-b76686fc3a1a;2023-08-21;BABA;0,931502;84,11;78,35;0,39;77,96;78,35;0,005;Buy;Manual
cf4ec011-5933-4cee-8b06-93c4160074ba;2023-09-01;EEM;0,674036;37,09;25,0;0,12;24,88;25,0;0,005;Buy;DCA
fc0c6c18-5495-413d-90c4-934533583270;2023-09-01;URTH;0,412848;121,11;50,0;0,25;49,75;50,0;0,005;Buy;DCA
3d63addb-0c75-4a36-ba2a-49bbaa6649c0;2023-09-01;BTC;0,001938;25800,72;50,0;0,25;49,75;50,0;0,005;Buy;DCA
e157dfef-3f54-4fc5-83f5-e5b5fea5d9bf;2023-09-04;URTH;-0,287283;121,11;-34,79;0,17;-34,97;34,79;0,005;Sell;Manual
86abd024-bc61-429c-91ca-3ed7eb63d69c;2023-09-12;ETH;0,050565;1592,43;80,52;0,4;80,12;80,52;0,005;Buy;Manual
2d286af8-981b-4bdc-a3b8-59a8e5d0307f;2023-09-22;AAPL;0,227235;172,93;39,3;0,2;39,1;39,3;0,005;Buy;Manual
03585236-8d3e-4918-804a-17208922f3fe;2023-10-01;BTC;0,001787;27983,75;50,0;0,25;49,75;50,0;0,005;Buy;DCA
afdbcdde-6f6b-4f4a-874d-88fc30d6fd27;2023-10-01;URTH;0,432563;115,59;50,0;0,25;49,75;50,0;0,005;Buy;DCA
495a99ae-988a-44c7-b8b1-2e433c70a700;2023-10-01;EEM;0,703829;35,52;25,0;0,12;24,88;25,0;0,005;Buy;DCA
4473b05c-1845-4715-a519-830dec297d39;2023-10-18;EEM;2,417393;35,06;84,75;0,42;84,33;84,75;0,005;Buy;Manual
e60f3f20-5a28-4296-98cf-07d422a0627f;2023-11-01;BTC;0,001411;35437,25;50,0;0,25;49,75;50,0;0,005;Buy;DCA
ff866518-3168-4fd4-afc4-a36f479a1388;2023-11-01;URTH;0,439329;113,81;50,0;0,25;49,75;50,0;0,005;Buy;DCA
ff78e576-bfc2-4562-886f-6ba30b3969ad;2023-11-01;EEM;0,721085;34,67;25,0;0,12;24,88;25,0;0,005;Buy;DCA
300a36ef-fd10-4926-90f4-4ef632d8e64b;2023-11-02;ZM;-0,465379;61,28;-28,52;0,14;-28,66;28,52;0,005;Sell;Manual
cb1e8dc5-8e56-4143-b689-b05526a752e6;2023-11-02;MSFT;0,083286;342,51;28,53;0,14;28,38;28,53;0,005;Buy;Manual
dd144f29-09d3-4d4d-bef0-f19fe03c82d3;2023-11-07;EEM;1,45507;36,22;52,7;0,26;52,44;52,7;0,005;Buy;Manual
501864f3-b715-450e-83a2-748d4d0b820a;2023-11-16;SLV;-0,643791;21,76;-14,01;0,07;-14,08;14,01;0,005;Sell;Manual
396b09bc-4caf-4aca-bad9-3886953be1ad;2023-11-24;GOOGL;0,313524;135,66;42,53;0,21;42,32;42,53;0,005;Buy;Manual
56af2e16-d030-4790-9afe-2335fec6bfe6;2023-11-25;ETH;0,014364;2084,41;29,94;0,15;29,79;29,94;0,005;Buy;Manual
80b126c8-38d7-4180-b0f0-1873e890dd7f;2023-11-29;BTC;0,000563;37858,49;21,3;0,11;21,19;21,3;0,005;Buy;Manual
2b570b67-a133-40bd-aecf-54f15b9e4e10;2023-12-01;EEM;0,672405;37,18;25,0;0,12;24,88;25,0;0,005;Buy;DCA
bf808ad5-1b9a-43a9-8aae-92e302546cc1;2023-12-01;BTC;0,001292;38688,75;50,0;0,25;49,75;50,0;0,005;Buy;DCA
ee1bdd0c-4cf8-4151-a3aa-b07c77a2e810;2023-12-01;URTH;0,403714;123,85;50,0;0,25;49,75;50,0;0,005;Buy;DCA
e9be6bfd-de12-4444-bd2a-783bd347fde7;2023-12-02;GLD;0,458831;192,01;88,1;0,44;87,66;88,1;0,005;Buy;Manual
3ef74466-137d-4eca-97b0-4f6cdbb2965b;2023-12-11;SLV;0,983522;20,91;20,57;0,1;20,46;20,57;0,005;Buy;Manual
15d4b4ad-8034-4e9d-943f-7dc094817fe4;2024-01-01;BTC;0,001132;44167,33;50,0;0,25;49,75;50,0;0,005;Buy;DCA
309b9e5f-79cd-43e8-b364-92d8745b4b28;2024-01-01;URTH;0,387597;129,0;50,0;0,25;49,75;50,0;0,005;Buy;DCA
e1f6bc52-e73e-466a-9647-f43324f4b679;2024-01-01;EEM;0,65189;38,35;25,0;0,12;24,88;25,0;0,005;Buy;DCA
db132370-ceba-4445-b2b6-87633ce6806b;2024-01-03;BABA;0,941539;73,71;69,4;0,35;69,05;69,4;0,005;Buy;Manual
9138af69-e301-47bb-b012-d73cd483a4e3;2024-01-07;VOO;-0,043394;419,24;-18,19;0,09;-18,28;18,19;0,005;Sell;Manual
241d658c-1c81-45c1-a4fb-c95f93929992;2024-01-13;BABA;0,372398;69,14;25,75;0,13;25,62;25,75;0,005;Buy;Manual
750e4409-19e3-4cea-8c6a-762da6233134;2024-01-16;SLV;-0,771806;20,96;-16,18;0,08;-16,26;16,18;0,005;Sell;Manual
14e7889d-c235-4297-a8ed-02eeaba3e202;2024-01-23;URTH;0,613959;130,06;79,85;0,4;79,45;79,85;0,005;Buy;Manual
606c8423-7fc1-45a0-865b-4d762b271533;2024-02-01;BTC;0,001161;43075,77;50,0;0,25;49,75;50,0;0,005;Buy;DCA
68b9ad0f-2721-40b7-aad8-365b0c494fed;2024-02-01;EEM;0,676407;36,96;25,0;0,12;24,88;25,0;0,005;Buy;DCA
0627c03c-afea-4c27-873e-c862d8901e0d;2024-02-01;URTH;0,379795;131,65;50,0;0,25;49,75;50,0;0,005;Buy;DCA
a0775958-809f-4240-be09-1176da622cdf;2024-02-05;VOO;0,135115;441,32;59,63;0,3;59,33;59,63;0,005;Buy;Manual
4f4f90e1-d94b-447a-9b80-24096417d7a5;2024-02-14;MSFT;0,092892;404,22;37,55;0,19;37,36;37,55;0,005;Buy;Manual
32e13f3d-b1d3-4763-8185-07ec118b558f;2024-02-16;ETH;0,007719;2803,69;21,64;0,11;21,53;21,64;0,005;Buy;Manual
4769adc9-28c2-4e58-be91-b74e9782f72c;2024-02-29;GOOGL;0,408823;137,42;56,18;0,28;55,9;56,18;0,005;Buy;Manual
e625b273-9470-45c0-b5df-cb1848553471;2024-03-01;URTH;0,364272;137,26;50,0;0,25;49,75;50,0;0,005;Buy;DCA
bd72499f-8f3e-4d45-9a89-0c79ef3a3f21;2024-03-01;BTC;0,000801;62440,63;50,0;0,25;49,75;50,0;0,005;Buy;DCA
2c748c03-2a0f-4271-894e-ab317360c780;2024-03-01;EEM;0,647668;38,6;25,0;0,12;24,88;25,0;0,005;Buy;DCA
97370d0b-91e6-47b3-a42c-ec543a3def57;2024-03-11;BTC;-0,000154;72123,91;-11,12;0,06;-11,18;11,12;0,005;Sell;Manual
60a62b51-50b6-425a-bd57-2cce1d6daf37;2024-03-20;ZM;1,186633;66,86;79,34;0,4;78,94;79,34;0,005;Buy;Manual
da7eadda-af7c-4b16-a955-451bdfa40a17;2024-03-24;VOO;0,204091;468,72;95,66;0,48;95,18;95,66;0,005;Buy;Manual
c9cda0f4-a6ba-4b62-a2f2-690e21f09958;2024-04-01;EEM;0,637105;39,24;25,0;0,12;24,88;25,0;0,005;Buy;DCA
8446417a-57da-4843-82e8-8498a45ac1f5;2024-04-01;BTC;0,000717;69702,15;50,0;0,25;49,75;50,0;0,005;Buy;DCA
5d20a44c-40b9-442a-ab45-4c4448930ca1;2024-04-01;URTH;0,356812;140,13;50,0;0,25;49,75;50,0;0,005;Buy;DCA
2c1bcd9d-11f3-4484-b78d-bce4406c6238;2024-04-03;URTH;0,580429;139,58;81,02;0,41;80,61;81,02;0,005;Buy;Manual
5407a7dd-10bd-4522-bee0-2b1b61a08ecf;2024-04-09;ZM;-0,77795;63,85;-49,67;0,25;-49,92;49,67;0,005;Sell;Manual
5dda3908-90bd-404f-be63-d99d0d8f94c5;2024-04-11;VOO;-0,090863;465,66;-42,31;0,21;-42,52;42,31;0,005;Sell;Manual
b9f2651e-44bf-48bc-87d3-35ffdf6f1013;2024-05-01;EEM;0,638896;39,13;25,0;0,12;24,88;25,0;0,005;Buy;DCA
96bff729-e5f2-4192-84ab-d9b71998a8d3;2024-05-01;BTC;0,000858;58254,01;50,0;0,25;49,75;50,0;0,005;Buy;DCA
87a3c97e-ba10-4461-a3ed-6f36fca903b2;2024-05-01;URTH;0,371996;134,41;50,0;0,25;49,75;50,0;0,005;Buy;DCA
f3e4bbed-9e1d-481a-a2c3-ce3d902bdaed;2024-05-14;MSFT;0,126787;411,2;52,13;0,26;51,87;52,13;0,005;Buy;Manual
a47c8195-6c1f-4b7f-ae0c-492dcd5d1ad4;2024-05-16;EEM;2,073491;41,58;86,22;0,43;85,78;86,22;0,005;Buy;Manual
b774ad46-09f9-476e-a4a3-b6031254ac21;2024-05-26;ZM;0,581642;63,01;36,65;0,18;36,47;36,65;0,005;Buy;Manual
2d799dce-c53a-4906-9bf9-aea66681c97c;2024-06-01;URTH;0,353832;141,31;50,0;0,25;49,75;50,0;0,005;Buy;DCA
6928b5b9-131b-4bd4-8cd5-d6fc9d8f3f62;2024-06-01;EEM;0,627353;39,85;25,0;0,12;24,88;25,0;0,005;Buy;DCA
1a2a2be4-c8a7-4b49-bfdf-1a92a516fe64;2024-06-01;BTC;0,000738;67706,94;50,0;0,25;49,75;50,0;0,005;Buy;DCA
922719e4-5625-4d47-92e1-3445188fec22;2024-06-11;URTH;0,367483;142,71;52,44;0,26;52,18;52,44;0,005;Buy;Manual
2947b648-4fd3-449b-992f-22735f643f20;2024-07-01;EEM;0,609905;40,99;25,0;0,13;24,88;25,0;0,005;Buy;DCA
a4b058b7-65cc-4f7a-877b-bbcebb5c832b;2024-07-01;BTC;0,000796;62851,98;50,0;0,25;49,75;50,0;0,005;Buy;DCA
cc66fbb0-7717-4b56-bd07-812769170e45;2024-07-01;URTH;0,345997;144,51;50,0;0,25;49,75;50,0;0,005;Buy;DCA
92141a2a-e6e2-4154-8b82-4758d1ccf258;2024-07-13;GLD;0,112286;223,11;25,05;0,13;24,93;25,05;0,005;Buy;Manual
4f112e72-7059-4f42-bdb6-0ee341a36d2f;2024-07-14;URTH;0,610726;149,0;91,0;0,45;90,54;91,0;0,005;Buy;Manual
4a6ed7e2-6384-4ad7-b4c0-ceb879d1bc03;2024-07-17;GOOGL;0,236835;179,87;42,6;0,21;42,39;42,6;0,005;Buy;Manual
59937d53-b9be-4b34-a73e-ef8a59a1f780;2024-07-24;MSFT;0,038549;424,14;16,35;0,08;16,27;16,35;0,005;Buy;Manual
b0fdca7d-21e6-4d14-adf6-07b84f9b3544;2024-07-24;MSFT;-0,099666;424,14;-42,27;0,21;-42,48;42,27;0,005;Sell;Manual
ad37d7f0-7f5e-4b03-8b8f-55d242859300;2024-08-01;BTC;0,000765;65357,5;50,0;0,25;49,75;50,0;0,005;Buy;DCA
5b0ff5e8-5062-4a1b-a4a9-aaded8a023e2;2024-08-01;URTH;0,347174;144,02;50,0;0,25;49,75;50,0;0,005;Buy;DCA
b18b5246-147e-4cf8-b45b-709af4241b27;2024-08-01;EEM;0,616979;40,52;25,0;0,13;24,88;25,0;0,005;Buy;DCA
e056747b-7c77-4e63-8a75-8d9f85fc60b0;2024-08-12;MSFT;0,199728;402,3;80,35;0,4;79,95;80,35;0,005;Buy;Manual
49df81a0-a921-4179-b726-0690df538cf3;2024-08-12;GOOGL;0,220438;161,26;35,55;0,18;35,37;35,55;0,005;Buy;Manual
4f38de0c-d0ea-4bd3-867b-ebde3ddfbed2;2024-08-13;ZM;0,466868;56,65;26,45;0,13;26,32;26,45;0,005;Buy;Manual
4cc0ec7c-a7ef-4784-afb3-1d4b1ad2bfda;2024-08-26;ETH;0,012178;2681,34;32,65;0,16;32,49;32,65;0,005;Buy;Manual
853e2c7a-e479-4370-a144-baa825bc65b4;2024-08-29;EEM;-0,705653;41,56;-29,33;0,15;-29,47;29,33;0,005;Sell;Manual
21eb80ef-ace3-48e2-9387-33db3425aeee;2024-09-01;EEM;0,600384;41,64;25,0;0,12;24,88;25,0;0,005;Buy;DCA
7b558bbf-4c85-4304-9108-c2218a9bf581;2024-09-01;BABA;0,970712;81,95;79,55;0,4;79,15;79,55;0,005;Buy;Manual
8aac7157-7d6d-4753-a630-e09f8b70cebe;2024-09-01;BTC;0,000872;57325,49;50,0;0,25;49,75;50,0;0,005;Buy;DCA
68ae6692-7369-47be-b090-3b9a33c9764a;2024-09-01;URTH;0,331697;150,74;50,0;0,25;49,75;50,0;0,005;Buy;DCA
e64ae8fd-4e8d-483e-94f0-563994eae506;2024-09-17;EEM;0,633076;41,31;26,15;0,13;26,02;26,15;0,005;Buy;Manual
541bc053-1f32-44d0-a779-fb67dfd9fde0;2024-09-28;GLD;0,282825;245,02;69,3;0,35;68,95;69,3;0,005;Buy;Manual
4c6ba044-2c05-4280-9d41-7b1acd76d043;2024-10-01;BTC;0,000822;60837,01;50,0;0,25;49,75;50,0;0,005;Buy;DCA
e133f1bf-f28a-4f73-bd8c-3ba174653371;2024-10-01;URTH;0,328645;152,14;50,0;0,25;49,75;50,0;0,005;Buy;DCA
8c3af2a9-0251-434a-a4d2-716485630d5d;2024-10-01;EEM;0,563698;44,35;25,0;0,12;24,88;25,0;0,005;Buy;DCA
7f95472a-afbe-41b5-b3cd-c976d9bc0595;2024-10-20;ZM;0,507774;70,52;35,81;0,18;35,63;35,81;0,005;Buy;Manual
72d49646-7989-4f09-af7e-4c68b90af0cc;2024-10-23;URTH;-0,32783;152,41;-49,96;0,25;-50,21;49,96;0,005;Sell;Manual
b23175da-e312-4640-a764-6ad5482c46ab;2024-10-26;URTH;0,303233;152,66;46,29;0,23;46,06;46,29;0,005;Buy;Manual
76655744-366e-4ffb-bf1b-30f629122d62;2024-10-30;EEM;0,784332;42,96;33,69;0,17;33,53;33,69;0,005;Buy;Manual
ca1b7626-41f4-4603-8b54-afe96209e97f;2024-11-01;URTH;0,331345;150,9;50,0;0,25;49,75;50,0;0,005;Buy;DCA
86ba36c9-e3d9-4172-a514-849713de8e6f;2024-11-01;EEM;0,585206;42,72;25,0;0,12;24,88;25,0;0,005;Buy;DCA
7e9c14f8-9c49-4f98-bbbb-0d98565d57c8;2024-11-01;BTC;0,00072;69482,47;50,0;0,25;49,75;50,0;0,005;Buy;DCA
9abb22df-53b3-487a-8424-383c91ea46e7;2024-11-02;URTH;0,164621;150,9;24,84;0,12;24,72;24,84;0,005;Buy;Manual
2a172eba-ba4d-444b-9ee0-a187ccb2db81;2024-11-02;BTC;4,5e-05;69289,27;3,14;0,02;3,12;3,14;0,005;Buy;Manual
cd597208-d000-446a-8770-8e1cc74d60e0;2024-11-03;MSFT;0,136209;406,55;55,38;0,28;55,1;55,38;0,005;Buy;Manual
1c7debd5-54c5-4851-b0be-11de9b838cc4;2024-11-11;SLV;-0,544868;27,97;-15,24;0,08;-15,32;15,24;0,005;Sell;Manual
ea4d2dd1-a6ff-4107-a8b3-173c41be7762;2024-11-13;EEM;2,209896;41,47;91,64;0,46;91,19;91,64;0,005;Buy;Manual
6d1edf03-bba7-47ef-a1fa-efa9a60c5abc;2024-11-20;AAPL;-0,217538;227,97;-49,59;0,25;-49,84;49,59;0,005;Sell;Manual
3490c0f2-458f-402c-9ee6-c1c6c3c0ad49;2024-12-01;URTH;0,31738;157,54;50,0;0,25;49,75;50,0;0,005;Buy;DCA
52a945bc-0832-470e-af86-8c3e55fb5fe9;2024-12-01;BTC;0,000514;97279,79;50,0;0,25;49,75;50,0;0,005;Buy;DCA
3840b8c1-c3dc-481f-8f3a-accdd3a930f2;2024-12-01;EEM;0,60183;41,54;25,0;0,12;24,88;25,0;0,005;Buy;DCA
476a46b1-077a-441f-9e6e-d0243b8ae5a0;2024-12-15;BABA;0,604321;86,36;52,19;0,26;51,93;52,19;0,005;Buy;Manual
85969349-2a47-47fe-8310-24adba22429b;2024-12-19;AAPL;0,144427;248,67;35,91;0,18;35,73;35,91;0,005;Buy;Manual
21c96d31-0d48-43d2-bf78-8256b4650753;2024-12-25;ETH;0,023479;3493,24;82,02;0,41;81,61;82,02;0,005;Buy;Manual
a8e7bac6-aa72-41d7-825b-ca67fb536ad1;2025-01-01;BTC;0,00053;94419,76;50,0;0,25;49,75;50,0;0,005;Buy;DCA
a18a0499-1725-48b0-ade1-62846ce31472;2025-01-01;URTH;0,326648;153,07;50,0;0,25;49,75;50,0;0,005;Buy;DCA
6f9859f3-3c29-4901-9a48-6c49298aadd9;2025-01-01;EEM;0,612295;40,83;25,0;0,12;24,88;25,0;0,005;Buy;DCA
c5e85edd-49e0-4d75-a474-918bab6b14e9;2025-01-24;BTC;0,000739;104819,48;77,51;0,39;77,12;77,51;0,005;Buy;Manual
5246eedd-d868-4ac6-861f-b6df6e1bf63f;2025-01-28;AAPL;0,044278;237,19;10,5;0,05;10,45;10,5;0,005;Buy;Manual
3bd12dd3-6af8-4a83-8163-fe15ec75c9c4;2025-01-30;ETH;0,007377;3247,78;23,96;0,12;23,84;23,96;0,005;Buy;Manual
81ce08ad-c6b3-4bd5-8284-6d0455ca01dc;2025-01-31;EEM;1,511151;41,71;63,03;0,32;62,71;63,03;0,005;Buy;Manual
67580bcf-ab01-42ec-ae9e-3b8beef5b2b0;2025-02-01;GOOGL;0,077523;203,22;15,75;0,08;15,68;15,75;0,005;Buy;Manual
0343433e-2c75-4def-a681-eee6faa8cb6e;2025-02-01;EEM;0,599377;41,71;25,0;0,12;24,88;25,0;0,005;Buy;DCA
fe30bcde-6005-43d8-8e97-d0c14b9be07f;2025-02-01;BTC;0,000497;100655,91;50,0;0,25;49,75;50,0;0,005;Buy;DCA
a609c685-3b84-43b5-8181-1265f8799216;2025-02-01;URTH;0,316156;158,15;50,0;0,25;49,75;50,0;0,005;Buy;DCA
db220fb0-3401-4d9b-bf2e-41e26464b937;2025-02-04;MSFT;0,213284;409,35;87,31;0,44;86,87;87,31;0,005;Buy;Manual
5f2bae35-dc97-4875-b8ba-3ea898b5a7b4;2025-02-06;GOOGL;-0,2195;190,85;-41,89;0,21;-42,1;41,89;0,005;Sell;Manual
ff1f55d3-279d-422f-b821-7c5a976f2746;2025-02-16;EEM;-0,52423;43,36;-22,73;0,11;-22,84;22,73;0,005;Sell;Manual
40a72600-477c-43fc-9190-9532b9cd28e2;2025-02-23;URTH;0,453125;158,76;71,94;0,36;71,58;71,94;0,005;Buy;Manual
2e4a18bd-8ee0-4c0c-9f22-70185da7a863;2025-03-01;EEM;0,592557;42,19;25,0;0,12;24,87;25,0;0,005;Buy;DCA
ed2fa071-095c-4aa7-91f1-679ccb859494;2025-03-01;BTC;0,000581;86031,91;50,0;0,25;49,75;50,0;0,005;Buy;DCA
42f1eb1f-6491-43d1-8158-50f7540072e0;2025-03-01;URTH;0,31746;157,5;50,0;0,25;49,75;50,0;0,005;Buy;DCA
1f511729-998d-48f4-9bc7-532cddf12670;2025-03-09;ZM;0,890599;75,98;67,67;0,34;67,33;67,67;0,005;Buy;Manual
63273b19-afbd-408d-9be2-0933babc706f;2025-03-16;ETH;-0,021595;1887,44;-40,76;0,2;-40,96;40,76;0,005;Sell;Manual
741ac501-6876-45e1-a8d7-2ea66108c5ae;2025-04-01;EEM;0,583976;42,81;25,0;0,12;24,88;25,0;0,005;Buy;DCA
67dc4185-6e87-481c-a091-60dbfd75e14d;2025-04-01;BTC;0,000587;85169,17;50,0;0,25;49,75;50,0;0,005;Buy;DCA
a4d02f09-a16a-4532-affb-2095cf7c03de;2025-04-01;URTH;0,330688;151,2;50,0;0,25;49,75;50,0;0,005;Buy;DCA
931faf06-1fa9-49c6-a14a-8e690c692592;2025-04-07;EEM;-0,372878;38,15;-14,23;0,07;-14,3;14,23;0,005;Sell;Manual
256111a5-49d7-45da-b5f8-0f49681418f3;2025-04-13;EEM;1,671739;40,77;68,16;0,34;67,82;68,16;0,005;Buy;Manual
81e6ca07-490e-4b9b-a9d5-b377cc85a140;2025-05-01;BTC;0,000518;96492,34;50,0;0,25;49,75;50,0;0,005;Buy;DCA
503ae7a5-f0f0-4637-9472-a16e14699162;2025-05-01;URTH;0,32817;152,36;50,0;0,25;49,75;50,0;0,005;Buy;DCA
d59391d9-c3f0-4d41-9396-4fe531fcfb34;2025-05-01;EEM;0,585206;42,72;25,0;0,12;24,88;25,0;0,005;Buy;DCA
b3cdf82e-7d08-462d-a382-9e9a2d3eaf5e;2025-05-05;ZM;1,226549;78,23;95,95;0,48;95,47;95,95;0,005;Buy;Manual
10231321-e439-4084-b10c-36bf01c888c2;2025-05-08;MSFT;0,045377;435,83;19,78;0,1;19,68;19,78;0,005;Buy;Manual
503dc11d-853c-485a-943f-e9172fcb6eef;2025-05-16;BABA;-0,134869;121,41;-16,37;0,08;-16,46;16,37;0,005;Sell;Manual
b35e3238-e53c-4ce2-b40f-4dc4f9ccb6f2;2025-05-17;BTC;0,000574;103191,09;59,27;0,3;58,97;59,27;0,005;Buy;Manual
aae5a29b-850f-4609-9ef5-12626d6aa5ec;2025-06-01;BTC;0,000473;105652,1;50,0;0,25;49,75;50,0;0,005;Buy;DCA
0bc38a83-7cbd-4a15-a900-18432ab95fc7;2025-06-01;URTH;0,311023;160,76;50,0;0,25;49,75;50,0;0,005;Buy;DCA
bb4446de-483d-4e76-a0b3-2fd7e358cce1;2025-06-01;EEM;0,56243;44,45;25,0;0,13;24,88;25,0;0,005;Buy;DCA
c19258e5-7b2b-4549-85d1-d420547228a4;2025-06-03;GOOGL;0,257604;165,72;42,69;0,21;42,48;42,69;0,005;Buy;Manual
f5fa296d-ad6c-44d1-9ad3-829ff96eea7e;2025-06-09;VOO;0,061309;546,44;33,5;0,17;33,33;33,5;0,005;Buy;Manual
f6e26464-bd74-46cc-aa8c-655aad5d98ca;2025-07-01;SLV;1,266212;32,73;41,44;0,21;41,24;41,44;0,005;Buy;Manual
274a41a1-d047-4f6b-9815-e266ba936ae8;2025-07-01;EEM;0,524659;47,65;25,0;0,12;24,88;25,0;0,005;Buy;DCA
efed84eb-bdd4-40bc-afd7-65826d39e4b4;2025-07-01;URTH;0,297992;167,79;50,0;0,25;49,75;50,0;0,005;Buy;DCA
0b9c3978-0418-49e5-86cd-e2d036e384b3;2025-07-01;BTC;0,000473;105698,28;50,0;0,25;49,75;50,0;0,005;Buy;DCA
a474799e-2531-4506-9098-04c010e82210;2025-07-22;AAPL;-0,145981;213,95;-31,23;0,16;-31,39;31,23;0,005;Sell;Manual
23d4bc72-a498-452d-b15e-4cff5b05308b;2025-07-24;ETH;-0,012579;3708,01;-46,64;0,23;-46,88;46,64;0,005;Sell;Manual
117d7300-39d7-4a3f-8b68-f621b306cb2e;2025-08-01;URTH;0,298329;167,6;50,0;0,25;49,75;50,0;0,005;Buy;DCA
bfbb253d-9244-4935-ba9b-76c2bd819ede;2025-08-01;BTC;0,000441;113320,09;50,0;0,25;49,75;50,0;0,005;Buy;DCA
166aee0e-0581-4a79-b34b-87b64ff9bd43;2025-08-01;EEM;0,526094;47,52;25,0;0,12;24,88;25,0;0,005;Buy;DCA
cbf1c41c-b12b-4cfe-96a2-39889995de1b;2025-08-11;ETH;0,009007;4226,97;38,07;0,19;37,88;38,07;0,005;Buy;Manual
45745b10-52a5-403b-b495-fa22294c346e;2025-08-31;BABA;0,631342;135,0;85,23;0,43;84,81;85,23;0,005;Buy;Manual
fa06331c-6e46-4570-be8a-bb435c95108f;2025-09-01;BTC;0,000458;109250,59;50,0;0,25;49,75;50,0;0,005;Buy;DCA
1f76f0db-2524-4812-9a78-6a6ec732415a;2025-09-01;URTH;0,286582;174,47;50,0;0,25;49,75;50,0;0,005;Buy;DCA
147e66c7-510e-4779-bd50-1dbfca952f16;2025-09-01;EEM;0,508544;49,16;25,0;0,13;24,88;25,0;0,005;Buy;DCA
7994a1ff-505b-4904-ae79-04ed4220ef77;2025-09-16;AAPL;0,145825;237,92;34,69;0,17;34,52;34,69;0,005;Buy;Manual
d2f54905-ea19-4079-871e-4cc4eba63640;2025-09-17;VOO;0,117175;602,66;70,62;0,35;70,26;70,62;0,005;Buy;Manual
2b907aa7-7ea9-4116-911b-e8451adfc464;2025-09-24;ZM;0,510623;83,01;42,39;0,21;42,17;42,39;0,005;Buy;Manual
3abbfedc-1545-4f31-b69a-4da443d70094;2025-09-28;MSFT;-0,022606;510,5;-11,54;0,06;-11,6;11,54;0,005;Sell;Manual
5ffef28c-2103-4523-a6a2-011a03e21bc6;2025-10-01;BTC;0,000421;118648,93;50,0;0,25;49,75;50,0;0,005;Buy;DCA
0d148911-1c2e-4d88-abb5-732171184e41;2025-10-01;EEM;0,471165;53,06;25,0;0,12;24,88;25,0;0,005;Buy;DCA
601da57e-2dc1-40b9-a655-4e79542bbb26;2025-10-01;URTH;0,276396;180,9;50,0;0,25;49,75;50,0;0,005;Buy;DCA
163bfe63-c1c9-4cc6-9ff3-0e87bd591301;2025-10-06;MSFT;-0,034345;527,58;-18,12;0,09;-18,21;18,12;0,005;Sell;Manual
73ba90dc-06a4-4551-b647-cb3d160f65e4;2025-10-16;BTC;-0,000368;108186,04;-39,85;0,2;-40,05;39,85;0,005;Sell;Manual
76273308-7ef3-46af-b165-980b4434233e;2025-10-20;EEM;1,31783;54,15;71,36;0,36;71,0;71,36;0,005;Buy;Manual
c2542d7f-51a6-4066-bde4-abb5bad5523c;2025-10-24;MSFT;0,176015;522,63;91,99;0,46;91,53;91,99;0,005;Buy;Manual
bb137abb-6a97-4c6e-977b-630f09c90430;2025-10-27;ZM;0,13677;85,17;11,65;0,06;11,59;11,65;0,005;Buy;Manual
d431b4aa-b137-4f08-a453-22d764cf02ee;2025-11-01;BTC;0,000454;110064,02;50,0;0,25;49,75;50,0;0,005;Buy;DCA
3ac06455-60c0-4c2d-961c-8ca0a6cb63ba;2025-11-01;EEM;0,458547;54,52;25,0;0,12;24,88;25,0;0,005;Buy;DCA
dd4395f8-9d46-4a3a-ad42-1d113a6572ff;2025-11-01;URTH;0,27242;183,54;50,0;0,25;49,75;50,0;0,005;Buy;DCA
2e0f9232-6317-4be4-904c-88719366e6b7;2025-11-02;GLD;0,236372;368,12;87,01;0,44;86,58;87,01;0,005;Buy;Manual
03bb58fe-5fec-44ec-89d9-14dd49c5429e;2025-11-07;BTC;0,000768;103372,41;79,44;0,4;79,04;79,44;0,005;Buy;Manual
e9f28471-f965-4b86-9891-881918766062;2025-11-14;EEM;0,157827;54,18;8,55;0,04;8,51;8,55;0,005;Buy;Manual
26c6afe9-86a9-49e8-927f-b7db6d98e787;2025-11-26;GOOGL;-0,045162;319,74;-14,44;0,07;-14,51;14,44;0,005;Sell;Manual
fdefeec6-73e3-45be-a0f6-0211b8afbe9c;2025-12-01;URTH;0,272702;183,35;50,0;0,25;49,75;50,0;0,005;Buy;DCA
db1894b7-a245-4728-be05-3c1265e8aee9;2025-12-01;EEM;0,467202;53,51;25,0;0,12;24,88;25,0;0,005;Buy;DCA
47953e74-6d68-44c9-8acb-72ac0e37de2b;2025-12-01;BTC;0,000579;86321,57;50,0;0,25;49,75;50,0;0,005;Buy;DCA
96fd2058-5d78-455b-a340-90a621a66e0d;2025-12-01;URTH;-0,231853;183,35;-42,51;0,21;-42,72;42,51;0,005;Sell;Manual
e7a1ea50-6e67-45ef-8870-3d4182d364d9;2025-12-05;GLD;0,207923;386,44;80,35;0,4;79,95;80,35;0,005;Buy;Manual
a0972a96-04de-44f7-a6bb-7cb043ebfc3b;2025-12-21;GLD;-0,055266;399,02;-22,05;0,11;-22,16;22,05;0,005;Sell;Manual
1850a969-a437-4870-9da5-68911f88999b;2025-12-29;SLV;1,25872;66,01;83,09;0,42;82,67;83,09;0,005;Buy;Manual
f417de28-03cf-42e3-88d3-caa7675cecff;2026-01-01;EEM;0,456955;54,71;25,0;0,12;24,88;25,0;0,005;Buy;DCA
8806ca14-a956-49ff-ab3b-79ca5692145a;2026-01-01;BTC;0,000563;88731,98;50,0;0,25;49,75;50,0;0,005;Buy;DCA
768e811e-3a28-46f1-9232-5e9a666d5476;2026-01-01;URTH;0,26915;185,77;50,0;0,25;49,75;50,0;0,005;Buy;DCA
133cc2e0-b073-4b9e-8a38-633746b6a9e2;2026-01-04;ZM;0,530625;83,32;44,21;0,22;43,99;44,21;0,005;Buy;Manual
e4473b7f-d028-4ce8-a850-543e24beb550;2026-01-07;URTH;0,479387;188,22;90,23;0,45;89,78;90,23;0,005;Buy;Manual
